<?xml version="1.0"?>
<ruleset xmlns:xsi="http://www.w3.org/2001/XMLSchema-instance" name="PHP_CodeSniffer" xsi:noNamespaceSchemaLocation="phpcs.xsd">
    <!-- Include the whole PEAR standard -->
    <rule ref="PEAR">
        <exclude name="PEAR.NamingConventions.ValidFunctionName"/>
        <exclude name="PEAR.NamingConventions.ValidVariableName"/>
        <exclude name="PEAR.Commenting.ClassComment"/>
        <exclude name="PEAR.Commenting.FileComment.MissingCategoryTag"/>
        <exclude name="PEAR.Commenting.FileComment.MissingPackageTag"/>
        <exclude name="PEAR.Commenting.FileComment.MissingLinkTag"/>
        <exclude name="PEAR.Commenting.FileComment.MissingVersion"/>
        <exclude name="PEAR.Commenting.InlineComment"/>

        <exclude name="PEAR.Commenting.FileComment.Missing" />
        <exclude name="PEAR.Functions.FunctionCallSignature.ContentAfterOpenBracket" />
        <exclude name="PEAR.Functions.FunctionCallSignature.CloseBracketLine" />
        <exclude name="PEAR.Commenting.FunctionComment.MissingReturn" />
        <exclude name="Generic.Commenting.DocComment.ShortNotCapital" />
        <exclude name="PEAR.Commenting.FunctionComment.Missing" />
        <exclude name="Generic.Files.LineLength.TooLong" />
    </rule>
</ruleset>